"county","cousub23","sldl22","CountyName","MCDName","pop20","afact"
"Connecticut planning region","County subdivision","State legislative district, lower (2022)","County name","County subdivision / MCD name","Total population (2020 Census)","cousub23-to-sldl22 allocation factor"
"09110","01080","055","Capitol Planning Region, CT","Andover town, Capitol Planning Region CT",3151,1 
"09110","02060","017","Capitol Planning Region, CT","Avon town, Capitol Planning Region CT",14151,0.7475 
"09110","02060","019","Capitol Planning Region, CT","Avon town, Capitol Planning Region CT",4781,0.2525 
"09110","04300","030","Capitol Planning Region, CT","Berlin town, Capitol Planning Region CT",13914,0.6897 
"09110","04300","083","Capitol Planning Region, CT","Berlin town, Capitol Planning Region CT",6261,0.3103 
"09110","05910","015","Capitol Planning Region, CT","Bloomfield town, Capitol Planning Region CT",21535,1 
"09110","06260","008","Capitol Planning Region, CT","Bolton town, Capitol Planning Region CT",2274,0.4681 
"09110","06260","055","Capitol Planning Region, CT","Bolton town, Capitol Planning Region CT",2584,0.5319 
"09110","12270","017","Capitol Planning Region, CT","Canton town, Capitol Planning Region CT",10124,1 
"09110","16400","008","Capitol Planning Region, CT","Columbia town, Capitol Planning Region CT",5272,1 
"09110","17800","008","Capitol Planning Region, CT","Coventry town, Capitol Planning Region CT",12235,1 
"09110","22070","061","Capitol Planning Region, CT","East Granby town, Capitol Planning Region CT",5214,1 
"09110","22630","009","Capitol Planning Region, CT","East Hartford town, Capitol Planning Region CT",11528,0.2258 
"09110","22630","010","Capitol Planning Region, CT","East Hartford town, Capitol Planning Region CT",23570,0.4617 
"09110","22630","011","Capitol Planning Region, CT","East Hartford town, Capitol Planning Region CT",15947,0.3124 
"09110","24800","057","Capitol Planning Region, CT","East Windsor town, Capitol Planning Region CT",4500,0.4021 
"09110","24800","059","Capitol Planning Region, CT","East Windsor town, Capitol Planning Region CT",6690,0.5979 
"09110","25360","057","Capitol Planning Region, CT","Ellington town, Capitol Planning Region CT",16426,1 
"09110","25990","058","Capitol Planning Region, CT","Enfield town, Capitol Planning Region CT",23370,0.5546 
"09110","25990","059","Capitol Planning Region, CT","Enfield town, Capitol Planning Region CT",18771,0.4454 
"09110","27600","021","Capitol Planning Region, CT","Farmington town, Capitol Planning Region CT",23917,0.8954 
"09110","27600","022","Capitol Planning Region, CT","Farmington town, Capitol Planning Region CT",2795,0.1046 
"09110","31240","013","Capitol Planning Region, CT","Glastonbury town, Capitol Planning Region CT",7292,0.2074 
"09110","31240","031","Capitol Planning Region, CT","Glastonbury town, Capitol Planning Region CT",24087,0.6851 
"09110","31240","055","Capitol Planning Region, CT","Glastonbury town, Capitol Planning Region CT",3780,0.1075 
"09110","32640","062","Capitol Planning Region, CT","Granby town, Capitol Planning Region CT",10903,1 
"09110","37070","001","Capitol Planning Region, CT","Hartford town, Capitol Planning Region CT",22562,0.1863 
"09110","37070","003","Capitol Planning Region, CT","Hartford town, Capitol Planning Region CT",22825,0.1885 
"09110","37070","004","Capitol Planning Region, CT","Hartford town, Capitol Planning Region CT",23476,0.1939 
"09110","37070","005","Capitol Planning Region, CT","Hartford town, Capitol Planning Region CT",8081,0.0667 
"09110","37070","006","Capitol Planning Region, CT","Hartford town, Capitol Planning Region CT",21479,0.1774 
"09110","37070","007","Capitol Planning Region, CT","Hartford town, Capitol Planning Region CT",22659,0.1871 
"09110","37910","055","Capitol Planning Region, CT","Hebron town, Capitol Planning Region CT",9098,1 
"09110","44700","009","Capitol Planning Region, CT","Manchester town, Capitol Planning Region CT",11824,0.198 
"09110","44700","011","Capitol Planning Region, CT","Manchester town, Capitol Planning Region CT",7488,0.1254 
"09110","44700","012","Capitol Planning Region, CT","Manchester town, Capitol Planning Region CT",24275,0.4065 
"09110","44700","013","Capitol Planning Region, CT","Manchester town, Capitol Planning Region CT",16126,0.2701 
"09110","44910","050","Capitol Planning Region, CT","Mansfield town, Capitol Planning Region CT",2030,0.0784 
"09110","44910","054","Capitol Planning Region, CT","Mansfield town, Capitol Planning Region CT",23862,0.9216 
"09110","45820","055","Capitol Planning Region, CT","Marlborough town, Capitol Planning Region CT",6133,1 
"09110","50440","024","Capitol Planning Region, CT","New Britain town, Capitol Planning Region CT",23653,0.3191 
"09110","50440","025","Capitol Planning Region, CT","New Britain town, Capitol Planning Region CT",23675,0.3193 
"09110","50440","026","Capitol Planning Region, CT","New Britain town, Capitol Planning Region CT",23704,0.3197 
"09110","50440","027","Capitol Planning Region, CT","New Britain town, Capitol Planning Region CT",3103,0.0419 
"09110","52140","020","Capitol Planning Region, CT","Newington town, Capitol Planning Region CT",9213,0.3017 
"09110","52140","027","Capitol Planning Region, CT","Newington town, Capitol Planning Region CT",21323,0.6983 
"09110","60120","022","Capitol Planning Region, CT","Plainville town, Capitol Planning Region CT",17525,1 
"09110","65370","029","Capitol Planning Region, CT","Rocky Hill town, Capitol Planning Region CT",20845,1 
"09110","68940","016","Capitol Planning Region, CT","Simsbury town, Capitol Planning Region CT",24517,1 
"09110","69220","052","Capitol Planning Region, CT","Somers town, Capitol Planning Region CT",10255,1 
"09110","70550","022","Capitol Planning Region, CT","Southington town, Capitol Planning Region CT",3412,0.0784 
"09110","70550","030","Capitol Planning Region, CT","Southington town, Capitol Planning Region CT",9521,0.2189 
"09110","70550","080","Capitol Planning Region, CT","Southington town, Capitol Planning Region CT",7053,0.1621 
"09110","70550","081","Capitol Planning Region, CT","Southington town, Capitol Planning Region CT",23515,0.5406 
"09110","71390","005","Capitol Planning Region, CT","South Windsor town, Capitol Planning Region CT",3275,0.1217 
"09110","71390","014","Capitol Planning Region, CT","South Windsor town, Capitol Planning Region CT",23643,0.8783 
"09110","72090","052","Capitol Planning Region, CT","Stafford town, Capitol Planning Region CT",11472,1 
"09110","74540","061","Capitol Planning Region, CT","Suffield town, Capitol Planning Region CT",15752,1 
"09110","76290","008","Capitol Planning Region, CT","Tolland town, Capitol Planning Region CT",1079,0.0741 
"09110","76290","053","Capitol Planning Region, CT","Tolland town, Capitol Planning Region CT",13484,0.9259 
"09110","78250","053","Capitol Planning Region, CT","Vernon town, Capitol Planning Region CT",4366,0.1443 
"09110","78250","056","Capitol Planning Region, CT","Vernon town, Capitol Planning Region CT",23077,0.7629 
"09110","78250","057","Capitol Planning Region, CT","Vernon town, Capitol Planning Region CT",2806,0.0928 
"09110","82590","006","Capitol Planning Region, CT","West Hartford town, Capitol Planning Region CT",2138,0.0333 
"09110","82590","015","Capitol Planning Region, CT","West Hartford town, Capitol Planning Region CT",2168,0.0338 
"09110","82590","018","Capitol Planning Region, CT","West Hartford town, Capitol Planning Region CT",24371,0.3798 
"09110","82590","019","Capitol Planning Region, CT","West Hartford town, Capitol Planning Region CT",19923,0.3105 
"09110","82590","020","Capitol Planning Region, CT","West Hartford town, Capitol Planning Region CT",15567,0.2426 
"09110","84900","028","Capitol Planning Region, CT","Wethersfield town, Capitol Planning Region CT",24217,0.8871 
"09110","84900","029","Capitol Planning Region, CT","Wethersfield town, Capitol Planning Region CT",3081,0.1129 
"09110","85950","053","Capitol Planning Region, CT","Willington town, Capitol Planning Region CT",5566,1 
"09110","87000","005","Capitol Planning Region, CT","Windsor town, Capitol Planning Region CT",13007,0.441 
"09110","87000","060","Capitol Planning Region, CT","Windsor town, Capitol Planning Region CT",16485,0.559 
"09110","87070","060","Capitol Planning Region, CT","Windsor Locks town, Capitol Planning Region CT",7758,0.6151 
"09110","87070","061","Capitol Planning Region, CT","Windsor Locks town, Capitol Planning Region CT",4855,0.3849 
"09120","08070","124","Greater Bridgeport Planning Region, CT","Bridgeport town, Greater Bridgeport Planning Region CT",23614,0.1589 
"09120","08070","126","Greater Bridgeport Planning Region, CT","Bridgeport town, Greater Bridgeport Planning Region CT",24016,0.1616 
"09120","08070","127","Greater Bridgeport Planning Region, CT","Bridgeport town, Greater Bridgeport Planning Region CT",23813,0.1602 
"09120","08070","128","Greater Bridgeport Planning Region, CT","Bridgeport town, Greater Bridgeport Planning Region CT",23745,0.1597 
"09120","08070","129","Greater Bridgeport Planning Region, CT","Bridgeport town, Greater Bridgeport Planning Region CT",24700,0.1662 
"09120","08070","130","Greater Bridgeport Planning Region, CT","Bridgeport town, Greater Bridgeport Planning Region CT",23728,0.1596 
"09120","08070","133","Greater Bridgeport Planning Region, CT","Bridgeport town, Greater Bridgeport Planning Region CT",5038,0.0339 
"09120","23890","112","Greater Bridgeport Planning Region, CT","Easton town, Greater Bridgeport Planning Region CT",3588,0.4718 
"09120","23890","135","Greater Bridgeport Planning Region, CT","Easton town, Greater Bridgeport Planning Region CT",4017,0.5282 
"09120","26620","132","Greater Bridgeport Planning Region, CT","Fairfield town, Greater Bridgeport Planning Region CT",24779,0.4028 
"09120","26620","133","Greater Bridgeport Planning Region, CT","Fairfield town, Greater Bridgeport Planning Region CT",19649,0.3194 
"09120","26620","134","Greater Bridgeport Planning Region, CT","Fairfield town, Greater Bridgeport Planning Region CT",17084,0.2777 
"09120","48620","112","Greater Bridgeport Planning Region, CT","Monroe town, Greater Bridgeport Planning Region CT",18825,1 
"09120","74190","120","Greater Bridgeport Planning Region, CT","Stratford town, Greater Bridgeport Planning Region CT",23649,0.4517 
"09120","74190","121","Greater Bridgeport Planning Region, CT","Stratford town, Greater Bridgeport Planning Region CT",23687,0.4524 
"09120","74190","122","Greater Bridgeport Planning Region, CT","Stratford town, Greater Bridgeport Planning Region CT",5019,0.0959 
"09120","77200","112","Greater Bridgeport Planning Region, CT","Trumbull town, Greater Bridgeport Planning Region CT",2223,0.0604 
"09120","77200","122","Greater Bridgeport Planning Region, CT","Trumbull town, Greater Bridgeport Planning Region CT",3500,0.095 
"09120","77200","123","Greater Bridgeport Planning Region, CT","Trumbull town, Greater Bridgeport Planning Region CT",24051,0.6531 
"09120","77200","134","Greater Bridgeport Planning Region, CT","Trumbull town, Greater Bridgeport Planning Region CT",7053,0.1915 
"09130","14300","036","Lower Connecticut River Valley Planning Region, CT","Chester town, Lower Connecticut River Valley Planning Region CT",3749,1 
"09130","15350","035","Lower Connecticut River Valley Planning Region, CT","Clinton town, Lower Connecticut River Valley Planning Region CT",13185,1 
"09130","18080","032","Lower Connecticut River Valley Planning Region, CT","Cromwell town, Lower Connecticut River Valley Planning Region CT",14225,1 
"09130","19130","036","Lower Connecticut River Valley Planning Region, CT","Deep River town, Lower Connecticut River Valley Planning Region CT",4415,1 
"09130","20810","086","Lower Connecticut River Valley Planning Region, CT","Durham town, Lower Connecticut River Valley Planning Region CT",1924,0.269 
"09130","20810","101","Lower Connecticut River Valley Planning Region, CT","Durham town, Lower Connecticut River Valley Planning Region CT",5228,0.731 
"09130","22280","034","Lower Connecticut River Valley Planning Region, CT","East Haddam town, Lower Connecticut River Valley Planning Region CT",8875,1 
"09130","22490","034","Lower Connecticut River Valley Planning Region, CT","East Hampton town, Lower Connecticut River Valley Planning Region CT",12717,1 
"09130","26270","036","Lower Connecticut River Valley Planning Region, CT","Essex town, Lower Connecticut River Valley Planning Region CT",6733,1 
"09130","35230","036","Lower Connecticut River Valley Planning Region, CT","Haddam town, Lower Connecticut River Valley Planning Region CT",8452,1 
"09130","40710","035","Lower Connecticut River Valley Planning Region, CT","Killingworth town, Lower Connecticut River Valley Planning Region CT",6174,1 
"09130","44210","023","Lower Connecticut River Valley Planning Region, CT","Lyme town, Lower Connecticut River Valley Planning Region CT",2352,1 
"09130","47080","090","Lower Connecticut River Valley Planning Region, CT","Middlefield town, Lower Connecticut River Valley Planning Region CT",4217,1 
"09130","47360","033","Lower Connecticut River Valley Planning Region, CT","Middletown town, Lower Connecticut River Valley Planning Region CT",23847,0.4998 
"09130","47360","100","Lower Connecticut River Valley Planning Region, CT","Middletown town, Lower Connecticut River Valley Planning Region CT",23870,0.5002 
"09130","57040","023","Lower Connecticut River Valley Planning Region, CT","Old Lyme town, Lower Connecticut River Valley Planning Region CT",7628,1 
"09130","57320","023","Lower Connecticut River Valley Planning Region, CT","Old Saybrook town, Lower Connecticut River Valley Planning Region CT",10481,1 
"09130","61800","032","Lower Connecticut River Valley Planning Region, CT","Portland town, Lower Connecticut River Valley Planning Region CT",9384,1 
"09130","81680","023","Lower Connecticut River Valley Planning Region, CT","Westbrook town, Lower Connecticut River Valley Planning Region CT",2824,0.4172 
"09130","81680","035","Lower Connecticut River Valley Planning Region, CT","Westbrook town, Lower Connecticut River Valley Planning Region CT",3945,0.5828 
"09140","01220","104","Naugatuck Valley Planning Region, CT","Ansonia town, Naugatuck Valley Planning Region CT",18918,1 
"09140","03250","105","Naugatuck Valley Planning Region, CT","Beacon Falls town, Naugatuck Valley Planning Region CT",6000,1 
"09140","04930","066","Naugatuck Valley Planning Region, CT","Bethlehem town, Naugatuck Valley Planning Region CT",3385,1 
"09140","08490","077","Naugatuck Valley Planning Region, CT","Bristol town, Naugatuck Valley Planning Region CT",24252,0.3987 
"09140","08490","078","Naugatuck Valley Planning Region, CT","Bristol town, Naugatuck Valley Planning Region CT",12340,0.2029 
"09140","08490","079","Naugatuck Valley Planning Region, CT","Bristol town, Naugatuck Valley Planning Region CT",24241,0.3985 
"09140","14160","083","Naugatuck Valley Planning Region, CT","Cheshire town, Naugatuck Valley Planning Region CT",3936,0.1353 
"09140","14160","089","Naugatuck Valley Planning Region, CT","Cheshire town, Naugatuck Valley Planning Region CT",6574,0.2259 
"09140","14160","103","Naugatuck Valley Planning Region, CT","Cheshire town, Naugatuck Valley Planning Region CT",18586,0.6388 
"09140","19550","104","Naugatuck Valley Planning Region, CT","Derby town, Naugatuck Valley Planning Region CT",5155,0.4183 
"09140","19550","105","Naugatuck Valley Planning Region, CT","Derby town, Naugatuck Valley Planning Region CT",565,0.0458 
"09140","19550","114","Naugatuck Valley Planning Region, CT","Derby town, Naugatuck Valley Planning Region CT",6605,0.5359 
"09140","46520","083","Naugatuck Valley Planning Region, CT","0914046520",726,1 
"09140","46940","071","Naugatuck Valley Planning Region, CT","Middlebury town, Naugatuck Valley Planning Region CT",7574,1 
"09140","49950","070","Naugatuck Valley Planning Region, CT","Naugatuck town, Naugatuck Valley Planning Region CT",23484,0.7353 
"09140","49950","089","Naugatuck Valley Planning Region, CT","Naugatuck town, Naugatuck Valley Planning Region CT",418,0.0131 
"09140","49950","131","Naugatuck Valley Planning Region, CT","Naugatuck town, Naugatuck Valley Planning Region CT",8035,0.2516 
"09140","58300","131","Naugatuck Valley Planning Region, CT","Oxford town, Naugatuck Valley Planning Region CT",12706,1 
"09140","60750","078","Naugatuck Valley Planning Region, CT","Plymouth town, Naugatuck Valley Planning Region CT",11671,1 
"09140","62290","070","Naugatuck Valley Planning Region, CT","Prospect town, Naugatuck Valley Planning Region CT",391,0.04 
"09140","62290","089","Naugatuck Valley Planning Region, CT","Prospect town, Naugatuck Valley Planning Region CT",9381,0.96 
"09140","67610","105","Naugatuck Valley Planning Region, CT","Seymour town, Naugatuck Valley Planning Region CT",16748,1 
"09140","68170","113","Naugatuck Valley Planning Region, CT","Shelton town, Naugatuck Valley Planning Region CT",24555,0.6008 
"09140","68170","122","Naugatuck Valley Planning Region, CT","Shelton town, Naugatuck Valley Planning Region CT",16314,0.3992 
"09140","69640","069","Naugatuck Valley Planning Region, CT","Southbury town, Naugatuck Valley Planning Region CT",17186,0.8645 
"09140","69640","131","Naugatuck Valley Planning Region, CT","Southbury town, Naugatuck Valley Planning Region CT",2693,0.1355 
"09140","75730","076","Naugatuck Valley Planning Region, CT","Thomaston town, Naugatuck Valley Planning Region CT",7442,1 
"09140","80070","068","Naugatuck Valley Planning Region, CT","Waterbury town, Naugatuck Valley Planning Region CT",1500,0.0131 
"09140","80070","071","Naugatuck Valley Planning Region, CT","Waterbury town, Naugatuck Valley Planning Region CT",15587,0.1362 
"09140","80070","072","Naugatuck Valley Planning Region, CT","Waterbury town, Naugatuck Valley Planning Region CT",23279,0.2035 
"09140","80070","073","Naugatuck Valley Planning Region, CT","Waterbury town, Naugatuck Valley Planning Region CT",24517,0.2143 
"09140","80070","074","Naugatuck Valley Planning Region, CT","Waterbury town, Naugatuck Valley Planning Region CT",23907,0.209 
"09140","80070","075","Naugatuck Valley Planning Region, CT","Waterbury town, Naugatuck Valley Planning Region CT",23771,0.2078 
"09140","80070","089","Naugatuck Valley Planning Region, CT","Waterbury town, Naugatuck Valley Planning Region CT",1842,0.0161 
"09140","80490","068","Naugatuck Valley Planning Region, CT","Watertown town, Naugatuck Valley Planning Region CT",22105,1 
"09140","87560","080","Naugatuck Valley Planning Region, CT","Wolcott town, Naugatuck Valley Planning Region CT",16142,1 
"09140","87910","066","Naugatuck Valley Planning Region, CT","Woodbury town, Naugatuck Valley Planning Region CT",9723,1 
"09150","01430","050","Northeastern Connecticut Planning Region, CT","Ashford town, Northeastern Connecticut Planning Region CT",4191,1 
"09150","09190","047","Northeastern Connecticut Planning Region, CT","Brooklyn town, Northeastern Connecticut Planning Region CT",1907,0.2257 
"09150","09190","050","Northeastern Connecticut Planning Region, CT","Brooklyn town, Northeastern Connecticut Planning Region CT",6543,0.7743 
"09150","12130","047","Northeastern Connecticut Planning Region, CT","Canterbury town, Northeastern Connecticut Planning Region CT",5045,1 
"09150","13810","047","Northeastern Connecticut Planning Region, CT","Chaplin town, Northeastern Connecticut Planning Region CT",2151,1 
"09150","21860","050","Northeastern Connecticut Planning Region, CT","Eastford town, Northeastern Connecticut Planning Region CT",1649,1 
"09150","36000","050","Northeastern Connecticut Planning Region, CT","Hampton town, Northeastern Connecticut Planning Region CT",1728,1 
"09150","40500","044","Northeastern Connecticut Planning Region, CT","Killingly town, Northeastern Connecticut Planning Region CT",11877,0.6691 
"09150","40500","051","Northeastern Connecticut Planning Region, CT","Killingly town, Northeastern Connecticut Planning Region CT",5875,0.3309 
"09150","59980","044","Northeastern Connecticut Planning Region, CT","Plainfield town, Northeastern Connecticut Planning Region CT",9209,0.615 
"09150","59980","047","Northeastern Connecticut Planning Region, CT","Plainfield town, Northeastern Connecticut Planning Region CT",5764,0.385 
"09150","61030","050","Northeastern Connecticut Planning Region, CT","Pomfret town, Northeastern Connecticut Planning Region CT",4266,1 
"09150","62710","051","Northeastern Connecticut Planning Region, CT","Putnam town, Northeastern Connecticut Planning Region CT",9224,1 
"09150","67400","047","Northeastern Connecticut Planning Region, CT","Scotland town, Northeastern Connecticut Planning Region CT",1576,1 
"09150","73420","044","Northeastern Connecticut Planning Region, CT","Sterling town, Northeastern Connecticut Planning Region CT",3578,1 
"09150","75870","051","Northeastern Connecticut Planning Region, CT","Thompson town, Northeastern Connecticut Planning Region CT",9189,1 
"09150","77830","052","Northeastern Connecticut Planning Region, CT","Union town, Northeastern Connecticut Planning Region CT",785,1 
"09150","78600","045","Northeastern Connecticut Planning Region, CT","Voluntown town, Northeastern Connecticut Planning Region CT",2570,1 
"09150","88190","050","Northeastern Connecticut Planning Region, CT","Woodstock town, Northeastern Connecticut Planning Region CT",4749,0.5777 
"09150","88190","052","Northeastern Connecticut Planning Region, CT","Woodstock town, Northeastern Connecticut Planning Region CT",3472,0.4223 
"09160","02760","062","Northwest Hills Planning Region, CT","Barkhamsted town, Northwest Hills Planning Region CT",3647,1 
"09160","10100","076","Northwest Hills Planning Region, CT","Burlington town, Northwest Hills Planning Region CT",9519,1 
"09160","10940","064","Northwest Hills Planning Region, CT","Canaan town, Northwest Hills Planning Region CT",1080,1 
"09160","16050","063","Northwest Hills Planning Region, CT","Colebrook town, Northwest Hills Planning Region CT",1361,1 
"09160","17240","064","Northwest Hills Planning Region, CT","Cornwall town, Northwest Hills Planning Region CT",1567,1 
"09160","32290","064","Northwest Hills Planning Region, CT","Goshen town, Northwest Hills Planning Region CT",3150,1 
"09160","37140","062","Northwest Hills Planning Region, CT","Hartland town, Northwest Hills Planning Region CT",1901,1 
"09160","37280","076","Northwest Hills Planning Region, CT","Harwinton town, Northwest Hills Planning Region CT",5484,1 
"09160","40290","064","Northwest Hills Planning Region, CT","Kent town, Northwest Hills Planning Region CT",3019,1 
"09160","43370","066","Northwest Hills Planning Region, CT","Litchfield town, Northwest Hills Planning Region CT",6874,0.8391 
"09160","43370","076","Northwest Hills Planning Region, CT","Litchfield town, Northwest Hills Planning Region CT",1318,0.1609 
"09160","49460","066","Northwest Hills Planning Region, CT","Morris town, Northwest Hills Planning Region CT",2256,1 
"09160","51350","062","Northwest Hills Planning Region, CT","New Hartford town, Northwest Hills Planning Region CT",6658,1 
"09160","53470","064","Northwest Hills Planning Region, CT","Norfolk town, Northwest Hills Planning Region CT",1588,1 
"09160","54030","064","Northwest Hills Planning Region, CT","North Canaan town, Northwest Hills Planning Region CT",3211,1 
"09160","65930","069","Northwest Hills Planning Region, CT","Roxbury town, Northwest Hills Planning Region CT",2260,1 
"09160","66420","064","Northwest Hills Planning Region, CT","Salisbury town, Northwest Hills Planning Region CT",4194,1 
"09160","67960","064","Northwest Hills Planning Region, CT","Sharon town, Northwest Hills Planning Region CT",2680,1 
"09160","76570","063","Northwest Hills Planning Region, CT","Torrington town, Northwest Hills Planning Region CT",12090,0.3404 
"09160","76570","065","Northwest Hills Planning Region, CT","Torrington town, Northwest Hills Planning Region CT",23425,0.6596 
"09160","79510","066","Northwest Hills Planning Region, CT","Warren town, Northwest Hills Planning Region CT",1351,1 
"09160","79720","064","Northwest Hills Planning Region, CT","Washington town, Northwest Hills Planning Region CT",3646,1 
"09160","86440","063","Northwest Hills Planning Region, CT","Winchester town, Northwest Hills Planning Region CT",10224,1 
"09170","04580","089","South Central Connecticut Planning Region, CT","Bethany town, South Central Connecticut Planning Region CT",5297,1 
"09170","07310","098","South Central Connecticut Planning Region, CT","Branford town, South Central Connecticut Planning Region CT",4966,0.1756 
"09170","07310","102","South Central Connecticut Planning Region, CT","Branford town, South Central Connecticut Planning Region CT",23307,0.8244 
"09170","14160","083","South Central Connecticut Planning Region, CT","0917014160",726,1 
"09170","22910","086","South Central Connecticut Planning Region, CT","East Haven town, South Central Connecticut Planning Region CT",4544,0.1627 
"09170","22910","099","South Central Connecticut Planning Region, CT","East Haven town, South Central Connecticut Planning Region CT",23379,0.8373 
"09170","34950","086","South Central Connecticut Planning Region, CT","Guilford town, South Central Connecticut Planning Region CT",3349,0.1517 
"09170","34950","098","South Central Connecticut Planning Region, CT","Guilford town, South Central Connecticut Planning Region CT",18724,0.8483 
"09170","35650","087","South Central Connecticut Planning Region, CT","Hamden town, South Central Connecticut Planning Region CT",114,0.0019 
"09170","35650","088","South Central Connecticut Planning Region, CT","Hamden town, South Central Connecticut Planning Region CT",23325,0.3806 
"09170","35650","091","South Central Connecticut Planning Region, CT","Hamden town, South Central Connecticut Planning Region CT",23387,0.3816 
"09170","35650","094","South Central Connecticut Planning Region, CT","Hamden town, South Central Connecticut Planning Region CT",9182,0.1498 
"09170","35650","103","South Central Connecticut Planning Region, CT","Hamden town, South Central Connecticut Planning Region CT",3707,0.0605 
"09170","35650","114","South Central Connecticut Planning Region, CT","Hamden town, South Central Connecticut Planning Region CT",1568,0.0256 
"09170","44560","101","South Central Connecticut Planning Region, CT","Madison town, South Central Connecticut Planning Region CT",17691,1 
"09170","46520","082","South Central Connecticut Planning Region, CT","Meriden town, South Central Connecticut Planning Region CT",23686,0.3847 
"09170","46520","083","South Central Connecticut Planning Region, CT","Meriden town, South Central Connecticut Planning Region CT",14229,0.2311 
"09170","46520","084","South Central Connecticut Planning Region, CT","Meriden town, South Central Connecticut Planning Region CT",23661,0.3843 
"09170","47535","117","South Central Connecticut Planning Region, CT","Milford town, South Central Connecticut Planning Region CT",9269,0.1781 
"09170","47535","118","South Central Connecticut Planning Region, CT","Milford town, South Central Connecticut Planning Region CT",23181,0.4454 
"09170","47535","119","South Central Connecticut Planning Region, CT","Milford town, South Central Connecticut Planning Region CT",19594,0.3765 
"09170","52070","092","South Central Connecticut Planning Region, CT","New Haven town, South Central Connecticut Planning Region CT",23411,0.1747 
"09170","52070","093","South Central Connecticut Planning Region, CT","New Haven town, South Central Connecticut Planning Region CT",24069,0.1796 
"09170","52070","094","South Central Connecticut Planning Region, CT","New Haven town, South Central Connecticut Planning Region CT",14541,0.1085 
"09170","52070","095","South Central Connecticut Planning Region, CT","New Haven town, South Central Connecticut Planning Region CT",24129,0.18 
"09170","52070","096","South Central Connecticut Planning Region, CT","New Haven town, South Central Connecticut Planning Region CT",23877,0.1782 
"09170","52070","097","South Central Connecticut Planning Region, CT","New Haven town, South Central Connecticut Planning Region CT",23996,0.179 
"09170","53890","086","South Central Connecticut Planning Region, CT","North Branford town, South Central Connecticut Planning Region CT",13544,1 
"09170","54870","087","South Central Connecticut Planning Region, CT","North Haven town, South Central Connecticut Planning Region CT",24253,0.9913 
"09170","54870","088","South Central Connecticut Planning Region, CT","North Haven town, South Central Connecticut Planning Region CT",212,0.0087 
"09170","57600","114","South Central Connecticut Planning Region, CT","Orange town, South Central Connecticut Planning Region CT",5921,0.4146 
"09170","57600","117","South Central Connecticut Planning Region, CT","Orange town, South Central Connecticut Planning Region CT",4698,0.329 
"09170","57600","119","South Central Connecticut Planning Region, CT","Orange town, South Central Connecticut Planning Region CT",3661,0.2564 
"09170","78740","085","South Central Connecticut Planning Region, CT","Wallingford town, South Central Connecticut Planning Region CT",23395,0.527 
"09170","78740","090","South Central Connecticut Planning Region, CT","Wallingford town, South Central Connecticut Planning Region CT",18742,0.4222 
"09170","78740","103","South Central Connecticut Planning Region, CT","Wallingford town, South Central Connecticut Planning Region CT",2259,0.0509 
"09170","82870","115","South Central Connecticut Planning Region, CT","West Haven town, South Central Connecticut Planning Region CT",22926,0.4125 
"09170","82870","116","South Central Connecticut Planning Region, CT","West Haven town, South Central Connecticut Planning Region CT",22822,0.4106 
"09170","82870","117","South Central Connecticut Planning Region, CT","West Haven town, South Central Connecticut Planning Region CT",9836,0.177 
"09170","87700","114","South Central Connecticut Planning Region, CT","Woodbridge town, South Central Connecticut Planning Region CT",9087,1 
"09180","06820","048","Southeastern Connecticut Planning Region, CT","Bozrah town, Southeastern Connecticut Planning Region CT",2429,1 
"09180","15910","048","Southeastern Connecticut Planning Region, CT","Colchester town, Southeastern Connecticut Planning Region CT",15555,1 
"09180","23400","037","Southeastern Connecticut Planning Region, CT","East Lyme town, Southeastern Connecticut Planning Region CT",18693,1 
"09180","29910","048","Southeastern Connecticut Planning Region, CT","Franklin town, Southeastern Connecticut Planning Region CT",1863,1 
"09180","33900","045","Southeastern Connecticut Planning Region, CT","Griswold town, Southeastern Connecticut Planning Region CT",11402,1 
"09180","34250","040","Southeastern Connecticut Planning Region, CT","Groton town, Southeastern Connecticut Planning Region CT",21112,0.5496 
"09180","34250","041","Southeastern Connecticut Planning Region, CT","Groton town, Southeastern Connecticut Planning Region CT",17299,0.4504 
"09180","42390","008","Southeastern Connecticut Planning Region, CT","Lebanon town, Southeastern Connecticut Planning Region CT",2582,0.3615 
"09180","42390","048","Southeastern Connecticut Planning Region, CT","Lebanon town, Southeastern Connecticut Planning Region CT",4560,0.6385 
"09180","42600","043","Southeastern Connecticut Planning Region, CT","Ledyard town, Southeastern Connecticut Planning Region CT",7667,0.4974 
"09180","42600","045","Southeastern Connecticut Planning Region, CT","Ledyard town, Southeastern Connecticut Planning Region CT",3983,0.2584 
"09180","42600","139","Southeastern Connecticut Planning Region, CT","Ledyard town, Southeastern Connecticut Planning Region CT",3763,0.2441 
"09180","43230","045","Southeastern Connecticut Planning Region, CT","Lisbon town, Southeastern Connecticut Planning Region CT",1939,0.4622 
"09180","43230","047","Southeastern Connecticut Planning Region, CT","Lisbon town, Southeastern Connecticut Planning Region CT",2256,0.5378 
"09180","48900","037","Southeastern Connecticut Planning Region, CT","Montville town, Southeastern Connecticut Planning Region CT",4087,0.2223 
"09180","48900","038","Southeastern Connecticut Planning Region, CT","Montville town, Southeastern Connecticut Planning Region CT",5086,0.2766 
"09180","48900","139","Southeastern Connecticut Planning Region, CT","Montville town, Southeastern Connecticut Planning Region CT",9214,0.5011 
"09180","52350","039","Southeastern Connecticut Planning Region, CT","New London town, Southeastern Connecticut Planning Region CT",24043,0.8785 
"09180","52350","040","Southeastern Connecticut Planning Region, CT","New London town, Southeastern Connecticut Planning Region CT",3324,0.1215 
"09180","55500","043","Southeastern Connecticut Planning Region, CT","North Stonington town, Southeastern Connecticut Planning Region CT",5149,1 
"09180","56270","046","Southeastern Connecticut Planning Region, CT","Norwich town, Southeastern Connecticut Planning Region CT",24313,0.6059 
"09180","56270","047","Southeastern Connecticut Planning Region, CT","Norwich town, Southeastern Connecticut Planning Region CT",3072,0.0766 
"09180","56270","139","Southeastern Connecticut Planning Region, CT","Norwich town, Southeastern Connecticut Planning Region CT",12740,0.3175 
"09180","62150","045","Southeastern Connecticut Planning Region, CT","Preston town, Southeastern Connecticut Planning Region CT",4788,0.9326 
"09180","62150","046","Southeastern Connecticut Planning Region, CT","Preston town, Southeastern Connecticut Planning Region CT",346,0.0674 
"09180","66210","034","Southeastern Connecticut Planning Region, CT","Salem town, Southeastern Connecticut Planning Region CT",1575,0.3738 
"09180","66210","037","Southeastern Connecticut Planning Region, CT","Salem town, Southeastern Connecticut Planning Region CT",2638,0.6262 
"09180","71670","047","Southeastern Connecticut Planning Region, CT","Sprague town, Southeastern Connecticut Planning Region CT",2967,1 
"09180","73770","041","Southeastern Connecticut Planning Region, CT","Stonington town, Southeastern Connecticut Planning Region CT",6915,0.3771 
"09180","73770","043","Southeastern Connecticut Planning Region, CT","Stonington town, Southeastern Connecticut Planning Region CT",11420,0.6229 
"09180","80280","038","Southeastern Connecticut Planning Region, CT","Waterford town, Southeastern Connecticut Planning Region CT",19687,0.9973 
"09180","80280","139","Southeastern Connecticut Planning Region, CT","Waterford town, Southeastern Connecticut Planning Region CT",54,0.0027 
"09180","86790","049","Southeastern Connecticut Planning Region, CT","Windham town, Southeastern Connecticut Planning Region CT",24425,1 
"09190","04720","002","Western Connecticut Planning Region, CT","Bethel town, Western Connecticut Planning Region CT",15393,0.7561 
"09190","04720","107","Western Connecticut Planning Region, CT","Bethel town, Western Connecticut Planning Region CT",4965,0.2439 
"09190","08210","069","Western Connecticut Planning Region, CT","Bridgewater town, Western Connecticut Planning Region CT",1662,1 
"09190","08980","107","Western Connecticut Planning Region, CT","Brookfield town, Western Connecticut Planning Region CT",17528,1 
"09190","18500","002","Western Connecticut Planning Region, CT","Danbury town, Western Connecticut Planning Region CT",8774,0.1014 
"09190","18500","108","Western Connecticut Planning Region, CT","Danbury town, Western Connecticut Planning Region CT",5522,0.0638 
"09190","18500","109","Western Connecticut Planning Region, CT","Danbury town, Western Connecticut Planning Region CT",23820,0.2753 
"09190","18500","110","Western Connecticut Planning Region, CT","Danbury town, Western Connecticut Planning Region CT",23870,0.2759 
"09190","18500","138","Western Connecticut Planning Region, CT","Danbury town, Western Connecticut Planning Region CT",24532,0.2835 
"09190","18850","125","Western Connecticut Planning Region, CT","Darien town, Western Connecticut Planning Region CT",962,0.0447 
"09190","18850","141","Western Connecticut Planning Region, CT","Darien town, Western Connecticut Planning Region CT",20537,0.9553 
"09190","33620","149","Western Connecticut Planning Region, CT","Greenwich town, Western Connecticut Planning Region CT",15884,0.2501 
"09190","33620","150","Western Connecticut Planning Region, CT","Greenwich town, Western Connecticut Planning Region CT",23737,0.3737 
"09190","33620","151","Western Connecticut Planning Region, CT","Greenwich town, Western Connecticut Planning Region CT",23897,0.3762 
"09190","50580","042","Western Connecticut Planning Region, CT","New Canaan town, Western Connecticut Planning Region CT",3226,0.1564 
"09190","50580","125","Western Connecticut Planning Region, CT","New Canaan town, Western Connecticut Planning Region CT",15365,0.7451 
"09190","50580","142","Western Connecticut Planning Region, CT","New Canaan town, Western Connecticut Planning Region CT",2031,0.0985 
"09190","50860","108","Western Connecticut Planning Region, CT","New Fairfield town, Western Connecticut Planning Region CT",13579,1 
"09190","52630","067","Western Connecticut Planning Region, CT","New Milford town, Western Connecticut Planning Region CT",23414,0.8328 
"09190","52630","069","Western Connecticut Planning Region, CT","New Milford town, Western Connecticut Planning Region CT",2426,0.0863 
"09190","52630","108","Western Connecticut Planning Region, CT","New Milford town, Western Connecticut Planning Region CT",2275,0.0809 
"09190","52980","106","Western Connecticut Planning Region, CT","Newtown town, Western Connecticut Planning Region CT",25123,0.9246 
"09190","52980","107","Western Connecticut Planning Region, CT","Newtown town, Western Connecticut Planning Region CT",2050,0.0754 
"09190","56060","137","Western Connecticut Planning Region, CT","Norwalk town, Western Connecticut Planning Region CT",23657,0.2594 
"09190","56060","140","Western Connecticut Planning Region, CT","Norwalk town, Western Connecticut Planning Region CT",23496,0.2577 
"09190","56060","141","Western Connecticut Planning Region, CT","Norwalk town, Western Connecticut Planning Region CT",2935,0.0322 
"09190","56060","142","Western Connecticut Planning Region, CT","Norwalk town, Western Connecticut Planning Region CT",21440,0.2351 
"09190","56060","143","Western Connecticut Planning Region, CT","Norwalk town, Western Connecticut Planning Region CT",19656,0.2156 
"09190","63480","135","Western Connecticut Planning Region, CT","Redding town, Western Connecticut Planning Region CT",8765,1 
"09190","63970","042","Western Connecticut Planning Region, CT","Ridgefield town, Western Connecticut Planning Region CT",1789,0.0715 
"09190","63970","111","Western Connecticut Planning Region, CT","Ridgefield town, Western Connecticut Planning Region CT",23244,0.9285 
"09190","68310","108","Western Connecticut Planning Region, CT","Sherman town, Western Connecticut Planning Region CT",3527,1 
"09190","73070","125","Western Connecticut Planning Region, CT","Stamford town, Western Connecticut Planning Region CT",8066,0.0595 
"09190","73070","144","Western Connecticut Planning Region, CT","Stamford town, Western Connecticut Planning Region CT",24409,0.1802 
"09190","73070","145","Western Connecticut Planning Region, CT","Stamford town, Western Connecticut Planning Region CT",23505,0.1735 
"09190","73070","146","Western Connecticut Planning Region, CT","Stamford town, Western Connecticut Planning Region CT",23594,0.1742 
"09190","73070","147","Western Connecticut Planning Region, CT","Stamford town, Western Connecticut Planning Region CT",23866,0.1762 
"09190","73070","148","Western Connecticut Planning Region, CT","Stamford town, Western Connecticut Planning Region CT",23532,0.1737 
"09190","73070","149","Western Connecticut Planning Region, CT","Stamford town, Western Connecticut Planning Region CT",8498,0.0627 
"09190","83430","135","Western Connecticut Planning Region, CT","Weston town, Western Connecticut Planning Region CT",10354,1 
"09190","83500","136","Western Connecticut Planning Region, CT","Westport town, Western Connecticut Planning Region CT",23601,0.8696 
"09190","83500","143","Western Connecticut Planning Region, CT","Westport town, Western Connecticut Planning Region CT",3540,0.1304 
"09190","86370","042","Western Connecticut Planning Region, CT","Wilton town, Western Connecticut Planning Region CT",18503,1 
